City_ID,City,Cloudiness,Country,Date,Humidity,Lat,Lng,Max Temp,Wind Speed
0,arraial do cabo,0,BR,1571086886,78,-22.97,-42.02,27.0,4.6
1,punta arenas,20,CL,1571086895,46,-53.16,-70.91,12.0,3.1
2,san quintin,100,PH,1571086903,85,17.54,120.52,21.53,2.02
3,port alfred,0,ZA,1571086913,86,-33.59,26.89,16.67,1.34
4,mamallapuram,75,IN,1571086921,94,12.63,80.17,27.0,1.5
5,ushuaia,100,AR,1571086930,56,-54.81,-68.31,7.0,12.3
6,cape town,75,ZA,1571086938,77,-33.93,18.42,17.78,3.6
7,tiksi,98,RU,1571086947,88,71.64,128.87,-8.94,2.252
8,houma,98,CN,1571086955,57,35.63,111.36,7.0,3.266
9,lompoc,1,US,1571086964,52,34.64,-120.46,23.0,4.1
10,roma,31,IT,1571086972,82,41.89,12.48,19.0,1.5
11,manjeri,75,IN,1571086981,83,11.12,76.12,27.0,1.0
12,dwarka,0,IN,1571086989,78,28.58,77.04,23.0,2.039
13,airai,0,TL,1571086997,52,-8.93,125.41,15.87,1.903
14,butaritari,94,KI,1571087006,63,3.07,172.79,29.57,3.398
15,lorengau,100,PG,1571087014,72,-2.02,147.27,28.75,3.821
16,luderitz,90,NA,1571087036,56,-26.65,15.16,20.0,7.2
17,kodiak,1,US,1571087044,43,39.95,-94.76,23.33,5.7
18,rikitea,0,PF,1571087052,78,-23.12,-134.97,23.16,2.674
19,hobart,75,AU,1571087061,81,-42.88,147.33,12.78,1.5
20,deputatskiy,89,RU,1571087069,92,69.3,139.9,-12.7,1.935
21,aksu,100,KZ,1571087077,58,52.04,76.93,11.05,3.242
22,north battleford,90,CA,1571087086,56,52.78,-108.3,6.0,5.7
23,weihai,0,CN,1571087094,54,37.5,122.11,11.07,9.489
24,new norfolk,75,AU,1571087103,81,-42.78,147.06,12.78,1.5
25,pisco,55,PE,1571087112,30,-13.71,-76.2,22.0,11.3
26,ancud,15,CL,1571087120,25,-41.87,-73.83,18.0,4.6
27,busselton,6,AU,1571087128,65,-33.64,115.35,3.89,3.939
28,basco,1,US,1571087137,31,40.33,-91.2,19.44,3.1
29,sorong,73,ID,1571087146,98,-0.86,131.25,21.98,0.636
30,jamestown,0,AU,1571087154,84,-33.21,138.6,9.53,2.245
31,cabo san lucas,75,MX,1571087163,70,22.89,-109.91,30.0,6.2
32,berlevag,40,NO,1571087172,82,70.86,29.09,0.0,4.1
33,iqaluit,20,CA,1571087181,79,63.75,-68.52,-2.0,1.0
34,puno,40,PE,1571087189,29,-15.84,-70.03,17.0,4.6
35,hualmay,100,PE,1571087197,53,-11.1,-77.61,21.85,4.061
36,cruzeiro do sul,75,BR,1571087206,83,-7.63,-72.67,28.0,2.1
37,chokurdakh,99,RU,1571087214,95,70.62,147.9,-5.04,4.994
38,karlsruhe,90,DE,1571087223,93,49.01,8.4,18.33,1.5
39,hithadhoo,100,MV,1571087231,87,-0.6,73.08,26.01,7.742
40,puerto ayora,75,EC,1571087240,61,-0.74,-90.35,25.0,10.3
41,sola,94,TZ,1571087248,58,-3.17,33.8,23.61,1.913
42,bluff,0,AU,1571087257,77,-23.58,149.07,21.15,3.355
43,leningradskiy,100,RU,1571087265,73,69.38,178.42,0.26,4.848
44,zanjan,0,IR,1571087273,77,36.67,48.48,7.72,1.694
45,mataura,77,NZ,1571087282,90,-46.19,168.86,8.83,1.821
46,saskylakh,93,RU,1571087290,94,71.97,114.09,-5.11,4.034
47,lakes entrance,4,AU,1571087299,93,-37.88,147.99,12.22,3.928
48,phek,2,IN,1571087307,98,25.7,94.46,14.04,0.482
49,lisakovsk,2,KZ,1571087315,78,52.55,62.49,6.44,5.905
50,victoria,75,BN,1571087324,88,5.28,115.24,25.0,1.0
51,avarua,99,CK,1571087332,73,-21.21,-159.78,25.0,4.1
52,kishi,94,NG,1571087341,87,9.08,3.85,24.52,1.28
53,barrow,81,AR,1571087350,60,-38.31,-60.23,7.92,6.238
54,hasaki,75,JP,1571087358,93,35.73,140.83,16.11,1.5
55,aklavik,20,CA,1571087367,92,68.22,-135.01,-4.0,4.6
56,norman wells,40,CA,1571087375,80,65.28,-126.83,-1.0,3.1
57,savino,100,RU,1571087383,95,56.59,41.22,12.06,4.068
58,kaitangata,55,NZ,1571087392,77,-46.28,169.85,11.11,6.71
59,katsuura,20,JP,1571087400,59,33.93,134.5,19.0,5.7
60,zemio,66,CF,1571087408,89,5.02,25.13,21.21,1.415
61,qaanaaq,100,GL,1571087417,67,77.48,-69.36,-5.35,7.254
62,tilichiki,0,RU,1571087425,85,60.47,166.1,-3.41,1.304
63,bandarbeyla,36,SO,1571087434,79,9.49,50.81,27.29,5.427
64,burla,100,RU,1571087442,65,53.34,78.33,9.85,3.202
65,palmer,20,AU,1571087450,93,-34.85,139.16,10.56,1.367
66,marinette,1,US,1571087459,40,45.1,-87.63,11.0,3.1
67,irati,93,BR,1571087467,98,-25.47,-50.65,18.9,1.843
68,atuona,68,PF,1571087475,77,-9.8,-139.03,26.51,7.284
69,oksfjord,75,NO,1571087484,91,70.24,22.35,2.0,1.0
70,albany,75,US,1571087492,45,42.65,-73.75,21.11,5.1
71,jati,0,PK,1571087501,48,24.35,68.27,28.28,3.456
72,atar,98,MR,1571087509,46,20.52,-13.05,29.5,5.19
73,bayan,100,CN,1571087518,80,36.1,102.26,2.8,2.011
74,toora-khem,1,RU,1571087526,77,52.47,96.11,-2.38,1.124
75,vaini,84,IN,1571087534,94,15.34,74.49,21.55,2.745
76,liverpool,75,GB,1571087543,93,53.41,-2.98,11.11,4.1
77,bara,90,NG,1571087551,78,10.41,10.6,25.68,3.674
78,hilo,90,US,1571087560,65,19.71,-155.08,28.0,1.5
79,tuktoyaktuk,75,CA,1571087569,79,69.44,-133.03,-3.0,4.6
80,kahului,90,US,1571087393,78,20.89,-156.47,29.0,4.1
81,isla mujeres,40,MX,1571087587,62,21.23,-86.73,31.0,3.6
82,choix,100,MX,1571087595,50,26.71,-108.33,31.49,4.494
83,akcakoca,0,TR,1571087604,86,41.09,31.12,14.2,0.403
84,clyde river,90,CA,1571087612,69,70.47,-68.59,1.0,2.6
85,cockburn town,30,TC,1571087620,72,21.46,-71.14,28.55,4.831
86,gamba,0,CN,1571087629,74,28.28,88.52,-2.48,1.552
87,hermanus,100,ZA,1571087637,73,-34.42,19.24,18.89,4.47
88,dukat,0,AL,1571087645,86,40.25,19.57,20.0,1.537
89,cidreira,100,BR,1571087654,77,-30.17,-50.22,16.6,10.613
90,semnan,0,IR,1571087662,25,35.58,53.39,16.0,0.998
91,santa isabel do rio negro,82,BR,1571087671,58,-0.41,-65.02,31.99,0.879
92,saint anthony,1,US,1571087679,22,43.97,-111.68,17.0,5.1
93,kapaa,40,US,1571087293,70,22.08,-159.32,29.0,5.7
94,waipawa,100,NZ,1571087696,92,-39.94,176.59,10.0,4.92
95,alta floresta,26,BR,1571087705,66,-9.87,-56.08,30.0,1.0
96,guerrero negro,30,MX,1571087713,44,27.97,-114.04,24.18,7.42
97,ponta do sol,57,BR,1571087721,46,-20.63,-46.0,26.31,0.687
98,port elizabeth,1,US,1571087730,33,39.31,-74.98,23.33,3.6
99,esperance,90,AU,1571087738,100,-33.86,121.89,9.0,2.6
100,san ignacio,87,PE,1571087747,45,-5.15,-79.0,25.87,1.124
101,ucluelet,75,CA,1571087755,81,48.94,-125.55,13.89,5.7
102,ballina,90,IE,1571087763,100,54.11,-9.15,11.67,3.6
103,powell,1,US,1571087772,33,40.16,-83.08,18.89,6.7
104,isangel,40,VU,1571087780,78,-19.55,169.27,23.0,4.439
105,floro,75,NO,1571087789,71,61.6,5.03,10.0,4.1
106,bredasdorp,67,ZA,1571087797,55,-34.53,20.04,18.89,6.2
107,nanortalik,0,GL,1571087805,67,60.14,-45.24,2.25,5.222
108,bam,0,IR,1571087814,19,29.11,58.36,22.66,5.62
109,kurchum,80,KZ,1571087823,46,48.57,83.65,12.45,4.459
110,bathsheba,20,BB,1571087832,66,13.22,-59.52,29.0,7.7
111,dingle,100,PH,1571087840,90,11.0,122.67,23.55,3.677
112,mbanza-ngungu,41,CD,1571087849,95,-5.25,14.87,20.74,2.421
113,half moon bay,20,US,1571087857,76,37.46,-122.43,26.67,3.1
114,hohhot,95,CN,1571087866,32,40.81,111.65,3.0,3.0
115,sorland,75,NO,1571087874,93,67.67,12.69,3.0,0.5
116,caravelas,48,BR,1571087882,80,-17.73,-39.27,22.77,3.536
117,paamiut,0,GL,1571087891,54,61.99,-49.67,1.63,2.635
118,kuala lipis,11,MY,1571087899,96,4.19,102.05,21.47,0.076
119,hamilton,20,CA,1571087845,40,43.26,-79.87,12.22,8.7
120,ambilobe,38,MG,1571087916,71,-13.19,49.05,24.53,3.792
121,college,1,US,1571087925,50,64.86,-147.8,0.0,4.6
122,mahebourg,75,MU,1571087933,88,-20.41,57.7,21.0,1.0
123,imbituba,75,BR,1571087941,88,-28.24,-48.67,20.0,7.2
124,zuenoula,29,CI,1571087950,91,7.43,-6.04,23.49,0.741
125,sao geraldo do araguaia,100,BR,1571087959,61,-6.4,-48.55,28.38,1.748
126,ixtapa,20,MX,1571087967,70,20.71,-105.21,31.67,3.6
127,ous,95,RU,1571087975,92,60.91,61.52,3.26,2.176
128,kaeo,100,NZ,1571087984,100,-35.1,173.78,17.22,2.297
129,namibe,80,AO,1571087992,85,-15.19,12.15,21.28,1.66
130,upernavik,100,GL,1571088001,53,72.79,-56.15,-4.04,5.801
131,vardo,1,US,1571088009,23,39.62,-77.74,23.33,5.7
132,pevek,100,RU,1571088018,72,69.7,170.27,-0.09,6.81
133,shangzhi,0,CN,1571088026,55,45.21,127.96,-2.74,2.871
134,svetlogorsk,54,RU,1571088035,77,53.14,59.15,6.83,6.089
135,sayyan,25,YE,1571088043,35,15.17,44.32,15.93,6.559
136,ushtobe,100,KZ,1571088051,56,45.25,77.98,12.68,4.032
137,thompson,90,CA,1571088060,93,55.74,-97.86,2.0,2.6
138,panlaitan,100,PH,1571088068,76,12.12,119.85,25.74,1.63
139,shimoda,75,JP,1571088076,88,34.7,138.93,20.0,0.5
140,provideniya,90,RU,1571088085,69,64.42,-173.23,4.0,5.0
141,coahuayana,80,MX,1571088094,68,18.62,-100.35,30.19,0.628
142,tecoanapa,40,MX,1571088103,79,16.99,-99.26,30.0,4.6
143,sao filipe,99,CV,1571088111,81,14.9,-24.5,25.83,8.627
144,codrington,75,AU,1571088119,93,-28.95,153.24,18.0,2.6
145,port hardy,90,CA,1571088129,87,50.7,-127.42,9.0,2.1
146,tabou,87,CI,1571088137,94,4.42,-7.36,23.14,1.306
147,liwale,0,TZ,1571088146,76,-9.8,37.92,23.47,2.534
148,chapais,75,CA,1571088154,87,49.78,-74.86,6.0,2.1
149,kamenka,100,MD,1571088162,61,48.03,28.7,15.92,1.563
150,ajdabiya,5,LY,1571088171,43,30.75,20.22,25.3,2.771
151,marawi,95,PH,1571088179,94,8.0,124.29,22.78,1.79
152,fortuna,20,US,1571088188,63,40.6,-124.16,23.33,5.7
153,rio gallegos,0,AR,1571088196,25,-51.62,-69.22,18.0,4.6
154,sokoni,10,CD,1571088204,52,-12.89,28.78,20.01,2.757
155,bambous virieux,75,MU,1571088213,88,-20.34,57.76,21.0,1.0
156,nemuro,100,JP,1571088221,75,43.32,145.57,9.19,12.312
157,east london,0,ZA,1571088230,65,-33.02,27.91,20.27,11.538
158,inuvik,40,CA,1571088238,86,68.36,-133.71,-3.0,5.7
159,juegang,66,CN,1571088246,73,32.31,121.18,13.89,7.392
160,shelburne,90,CA,1571088255,40,44.08,-80.2,11.11,6.7
161,yerofey pavlovich,90,RU,1571088263,69,53.97,121.97,-3.63,1.247
162,estelle,100,FR,1571088272,93,43.97,3.47,20.56,11.3
163,inhambane,1,MZ,1571088280,78,-23.87,35.38,22.05,5.688
164,oistins,20,BB,1571088289,66,13.07,-59.53,29.0,7.7
165,nikolskoye,90,RU,1571088297,86,59.7,30.79,5.0,2.0
166,antofagasta,20,CL,1571088305,63,-23.65,-70.4,18.0,6.7
167,aguimes,40,ES,1571088314,68,27.91,-15.45,22.0,5.1
168,khatanga,100,RU,1571088322,97,71.98,102.47,-2.21,4.307
169,margate,75,AU,1571088331,71,-43.03,147.26,12.78,2.6
170,rodeo,100,MX,1571088339,38,25.18,-104.56,27.42,1.849
171,kashin,77,RU,1571088347,94,57.36,37.61,9.98,4.675
172,ongandjera,42,NA,1571088356,43,-17.88,15.07,27.58,0.189
173,wajima,100,JP,1571088364,78,37.4,136.9,14.89,9.908
174,wuwei,100,CN,1571088373,75,37.93,102.64,3.97,1.741
175,plaridel,100,PH,1571088381,77,13.96,122.02,27.42,7.213
176,flin flon,90,CA,1571088390,93,54.77,-101.88,2.0,2.6
177,coquimbo,75,CL,1571088398,72,-29.95,-71.34,16.0,5.1
178,sitka,0,US,1571088407,27,37.17,-99.65,28.33,4.47
179,talcahuano,40,CL,1571088415,82,-36.72,-73.12,15.0,9.8
180,ostrovnoy,95,RU,1571088424,92,68.05,39.51,-0.46,2.695
181,samarai,69,PG,1571088432,87,-10.62,150.67,23.46,2.622
182,cururupu,3,BR,1571088441,72,-1.82,-44.87,26.36,2.191
183,mar del plata,0,AR,1571088449,49,-46.43,-67.52,9.95,5.536
184,waitati,100,NZ,1571088458,84,-45.75,170.57,10.56,11.18
185,beloha,44,MG,1571088467,72,-25.17,45.06,22.91,8.278
186,rocha,100,UY,1571088475,77,-34.48,-54.34,8.55,4.618
187,yellowknife,90,CA,1571088484,49,62.45,-114.38,0.0,1.319
188,saint-pierre,100,FR,1571088492,82,48.95,4.24,19.0,4.1
189,dhidhdhoo,39,MV,1571088500,71,6.88,73.1,28.28,2.334
190,wagar,97,US,1571088509,90,31.44,-87.99,22.22,1.328
191,gaborone,0,BW,1571088517,31,-24.66,25.91,26.0,5.1
192,laguna,90,BZ,1571088526,94,16.17,-88.94,26.0,2.1
193,dikson,87,RU,1571088535,88,73.51,80.55,-3.32,10.389
194,kavaratti,76,IN,1571088543,70,10.57,72.64,28.49,1.182
195,piacabucu,0,BR,1571088552,73,-10.41,-36.43,24.64,4.09
196,deogarh,67,IN,1571088560,80,21.53,84.72,20.61,1.334
197,beidao,100,CN,1571088568,85,34.57,105.89,10.35,1.14
198,santa maria,40,BR,1571088577,19,-16.02,-48.01,31.0,3.6
199,batsfjord,75,NO,1571088585,86,70.63,29.72,1.0,3.1
200,bubaque,32,GW,1571088594,75,11.28,-15.83,28.38,5.29
201,marion,1,US,1571088602,46,35.21,-90.2,22.22,3.6
202,athabasca,100,CA,1571088610,86,54.72,-113.29,1.48,3.973
203,yulara,28,AU,1571088619,22,-25.24,130.99,25.0,3.6
204,marigot,40,HT,1571088627,59,18.23,-72.32,32.0,5.1
205,hovd,0,NO,1571088638,92,63.83,10.7,6.11,3.6
206,cedar city,1,US,1571088646,16,37.68,-113.06,19.44,4.366
207,itarema,29,BR,1571088654,61,-2.92,-39.92,26.42,5.571
208,panaba,95,MX,1571088663,67,21.28,-88.27,30.11,5.466
209,erenhot,0,CN,1571088671,29,43.65,111.97,1.92,2.548
210,kondinskoye,99,RU,1571088680,95,59.65,67.41,5.73,3.91
211,ariquemes,96,BR,1571088688,67,-9.91,-63.03,28.52,0.605
212,mount gambier,90,AU,1571088697,93,-37.83,140.78,11.0,1.5
213,phan thiet,100,VN,1571088705,87,10.93,108.1,22.15,1.015
214,mari-turek,100,RU,1571088714,84,56.79,49.62,5.38,2.867
215,tobermory,76,CA,1571088722,65,45.25,-81.67,8.33,1.34
216,bratsk,91,RU,1571088731,74,56.15,101.63,2.0,2.0
217,illora,40,ES,1571088739,63,37.29,-3.88,20.56,1.5
218,torbay,90,CA,1571088748,80,47.66,-52.73,6.67,6.2
219,fort nelson,75,CA,1571088756,80,58.81,-122.69,2.0,1.897
220,walvis bay,67,NA,1571088765,77,-22.95,14.51,17.22,2.1
221,bogdanovich,100,RU,1571088773,83,56.77,62.05,6.29,5.16
222,vestmannaeyjar,100,IS,1571088782,85,63.44,-20.27,8.25,18.443
223,dong hoi,100,VN,1571088790,89,17.48,106.6,23.77,1.705
224,moranbah,39,AU,1571088799,67,-22.0,148.04,21.48,4.42
225,siniscola,8,IT,1571088807,88,40.57,9.69,20.0,1.0
226,barda,44,RU,1571088815,91,56.93,55.59,4.11,5.015
227,kavieng,33,PG,1571088824,70,-2.57,150.8,28.21,1.222
228,stettler,100,CA,1571088832,92,52.32,-112.71,2.22,5.81
229,srandakan,79,ID,1571088841,94,-7.94,110.25,22.05,1.46
230,talnakh,100,RU,1571088849,98,69.49,88.39,-0.15,2.279
231,sobolevo,43,RU,1571088857,91,54.43,31.9,12.69,4.909
232,upington,100,ZA,1571088866,14,-28.46,21.24,24.0,2.6
233,castro,0,CL,1571088875,25,-42.48,-73.76,18.0,4.6
234,parkes,0,AU,1571088883,58,-33.14,148.18,16.45,2.219
235,bethel,1,US,1571088892,60,60.79,-161.76,4.0,5.1
236,fairbanks,1,US,1571088900,50,64.84,-147.72,-0.57,4.6
237,tondi,90,EE,1571088908,87,59.41,24.72,6.67,2.1
238,tigil,100,RU,1571088917,86,57.8,158.67,-1.0,3.823
239,tiguisan,96,PH,1571088925,86,12.84,121.46,25.01,3.644
240,tay ninh,39,VN,1571088934,92,11.3,106.1,23.76,1.838
241,opuwo,100,NA,1571088942,65,-18.06,13.84,22.43,4.328
242,saldanha,0,PT,1571088951,81,41.42,-6.55,8.34,3.191
243,bainbridge,90,US,1571088959,51,30.9,-84.58,31.0,3.1
244,sakaiminato,75,JP,1571088967,59,35.55,133.23,17.0,8.7
245,angoche,0,MZ,1571088977,79,-16.23,39.91,23.5,2.165
246,saint-philippe,90,CA,1571088986,71,45.36,-73.48,12.22,5.1
247,mokokchung,0,IN,1571088997,96,26.32,94.52,18.58,0.968
248,yeppoon,90,AU,1571089006,69,-23.13,150.74,23.0,2.1
249,north bend,1,US,1571089015,67,43.41,-124.22,19.44,4.6
250,mayo,75,CA,1571089024,79,63.59,-135.9,-7.0,3.6
251,kruisfontein,0,ZA,1571089032,71,-34.0,24.73,15.04,7.703
252,bria,93,CF,1571089041,92,6.54,21.99,21.15,0.986
253,bonavista,69,CA,1571089049,82,48.65,-53.11,5.56,1.79
254,svetlaya,0,RU,1571089058,52,46.54,138.33,2.0,4.461
255,askarovo,100,RU,1571089066,87,53.34,58.51,4.66,6.172
256,grindavik,90,IS,1571089075,81,63.84,-22.43,8.0,14.9
257,yashan,0,CN,1571089083,77,30.81,118.02,12.0,3.164
258,nanakuli,40,US,1571089092,51,21.39,-158.15,30.0,6.2
259,vuktyl,100,RU,1571089100,96,63.86,57.31,2.68,4.116
260,tucuman,0,PE,1571089109,32,-17.17,-70.89,17.89,4.311
261,ayan,0,IR,1571089117,32,38.23,44.7,4.76,0.673
262,georgetown,20,GY,1571089125,78,6.8,-58.16,29.0,4.1
263,nouakchott,100,MR,1571089134,88,18.08,-15.98,26.0,3.1
264,khromtau,79,KZ,1571089142,80,50.26,58.44,7.21,6.794
265,nyurba,18,RU,1571089151,94,63.29,118.35,-8.89,2.249
266,sur,0,OM,1571089159,54,22.57,59.53,25.67,1.493
267,lulea,0,SE,1571089167,86,65.58,22.15,-3.0,1.0
268,tiznit,82,MA,1571089176,77,29.7,-9.73,16.31,0.777
269,san miguelito,98,NI,1571089184,77,11.4,-84.9,27.8,2.154
270,maceio,40,BR,1571089193,83,-9.67,-35.74,24.0,4.1
271,tasiilaq,98,GL,1571089201,64,65.61,-37.64,1.0,2.6
272,sao joao da barra,0,BR,1571089211,73,-21.64,-41.05,25.0,8.2
273,pangody,100,RU,1571089219,97,65.85,74.49,4.11,4.601
274,saint augustine,20,TT,1571089228,88,10.65,-61.4,27.22,5.305
275,port lincoln,0,AU,1571089236,90,-34.72,135.86,11.47,3.412
276,taltal,0,CL,1571089244,69,-25.41,-70.49,14.45,1.643
277,biak,100,ID,1571089253,80,-0.91,122.88,27.0,3.648
278,jamalpur,0,BD,1571089261,91,24.93,89.95,22.83,2.476
279,togur,100,RU,1571089270,77,58.36,82.83,8.97,3.537
280,pachino,0,IT,1571089278,88,36.72,15.09,17.0,2.1
281,lyubytino,100,RU,1571089287,94,58.81,33.39,5.39,3.243
282,golden gate,1,US,1571089295,25,38.36,-88.2,23.0,1.5
283,lagoa,19,PT,1571089304,77,37.14,-8.45,16.67,3.1
284,klaksvik,0,FO,1571089312,93,62.23,-6.59,8.0,7.7
285,solnechnyy,0,RU,1571089321,36,50.72,136.64,-4.16,1.113
286,lubyany,72,RU,1571089329,90,56.04,51.4,6.17,2.826
287,lithakia,0,GR,1571089338,93,37.72,20.83,18.89,1.554
288,guane,94,CU,1571089346,77,22.2,-84.09,28.6,6.754
289,camacari,20,BR,1571089355,74,-12.7,-38.32,27.0,5.1
290,porto velho,40,BR,1571089363,66,-8.75,-63.87,30.0,1.0
291,richards bay,88,ZA,1571089372,83,-28.77,32.06,21.22,11.12
292,xining,100,CN,1571089380,85,36.62,101.77,3.54,3.047
293,naryan-mar,99,RU,1571089388,97,67.67,53.09,1.41,3.676
294,rio claro,66,BR,1571089397,31,-22.41,-47.56,31.0,1.0
295,lasa,0,CY,1571089405,36,34.92,32.53,25.0,3.6
296,dudhani,90,IN,1571089414,86,17.36,76.37,22.78,3.691
297,soria,64,ES,1571089422,88,41.76,-2.46,6.67,1.34
298,goderich,0,CA,1571089431,62,43.74,-81.71,11.67,4.47
299,bawku,37,GH,1571089440,63,11.06,-0.24,28.55,3.613
300,houston,75,US,1571089448,74,29.76,-95.37,32.22,1.5
301,xixiang,40,CN,1571089457,73,22.58,113.87,26.0,4.6
302,brae,92,GB,1571089465,93,60.4,-1.35,10.0,4.6
303,redding,1,US,1571089473,13,40.59,-122.39,27.78,1.565
304,constantine,40,DZ,1571089482,56,36.36,6.61,20.0,2.1
305,komsomolskiy,100,RU,1571089491,98,67.55,63.78,0.51,2.986
306,geraldton,90,CA,1571089499,86,49.72,-86.95,4.0,3.6
307,constitucion,90,MX,1571089508,29,23.99,-104.67,26.11,1.5
308,vila do maio,40,CV,1571089516,83,15.13,-23.22,27.0,9.3
309,tuatapere,99,NZ,1571089525,77,-46.13,167.69,12.19,0.497
310,la ronge,90,CA,1571089533,52,55.1,-105.3,6.0,4.1
311,abnub,19,EG,1571089542,50,27.27,31.15,26.0,5.1
312,devaprayag,0,IN,1571089550,95,30.15,78.62,15.46,2.103
313,san andres,90,PH,1571089559,84,13.32,122.68,24.75,3.37
314,bridlington,100,GB,1571089568,100,54.08,-0.19,11.11,9.3
315,bilibino,90,RU,1571089576,96,68.06,166.44,-9.61,0.352
316,nadym,100,RU,1571089585,97,65.53,72.51,4.48,4.68
317,jennings,25,AU,1571089593,89,-28.93,151.93,13.68,2.267
318,pacific grove,19,US,1571089602,27,36.62,-121.92,26.11,5.1
319,bodden town,20,KY,1571089610,79,19.28,-81.25,30.0,4.1
320,las vegas,1,US,1571089501,16,36.17,-115.15,26.11,2.1
321,malaba,100,UG,1571089628,87,0.64,34.26,18.04,1.627
322,nangomba,0,TZ,1571089637,69,-10.9,38.52,25.61,3.129
323,sinnamary,81,GF,1571089645,79,5.38,-52.96,27.6,5.903
324,terrace,90,CA,1571089654,86,54.52,-128.61,4.44,5.7
325,srivardhan,0,IN,1571089662,80,18.03,73.02,26.67,2.307
326,ferkessedougou,0,CI,1571089671,73,9.6,-5.2,25.07,0.442
327,port hueneme,1,US,1571089679,64,34.15,-119.2,25.0,4.6
328,broome,100,GB,1571089687,100,52.47,1.45,16.0,3.1
329,cherskiy,84,RU,1571089696,95,68.75,161.3,-5.92,5.363
330,karatu,100,TZ,1571089704,64,-3.34,35.67,20.21,6.307
331,kualakapuas,20,ID,1571089713,83,-3.01,114.39,26.0,1.5
332,druzhba,0,UA,1571089721,50,49.36,25.65,12.78,1.453
333,foz,29,ES,1571089729,1,43.57,-7.26,13.33,1.34
334,mehamn,90,NO,1571089738,92,71.03,27.85,1.0,4.1
335,moussoro,0,TD,1571089746,41,13.64,16.49,32.81,6.457
336,severo-yeniseyskiy,100,RU,1571089755,95,60.37,93.04,3.86,3.103
337,burdur,0,TR,1571089763,43,37.72,30.29,14.0,1.0
338,tamiahua,84,MX,1571089772,74,21.28,-97.45,26.5,2.572
339,anzio,70,IT,1571089780,82,41.45,12.63,20.0,0.5
340,gubkinskiy,100,RU,1571089790,93,64.43,76.5,5.8,4.942
341,bafra,40,TR,1571089798,93,41.57,35.91,13.0,2.1
342,bernalillo,1,US,1571089807,16,35.3,-106.55,25.0,8.7
343,luena,100,AO,1571089816,86,-11.78,19.91,18.34,1.91
344,portland,75,US,1571089824,87,43.66,-70.25,15.56,2.1
345,punta de piedra,74,VE,1571089833,72,7.62,-71.49,30.29,0.898
346,kedrovyy,100,RU,1571089842,64,56.17,91.82,7.02,3.932
347,sept-iles,90,CA,1571089851,93,50.2,-66.38,9.44,6.7
348,moron,15,HT,1571089859,67,18.56,-74.26,28.79,1.524
349,changji,36,CN,1571089867,64,32.07,116.17,12.98,3.763
350,atasu,100,KZ,1571089876,82,48.68,71.64,8.7,10.9
351,severo-kurilsk,100,RU,1571089884,93,50.68,156.12,0.71,2.115
352,raudeberg,90,NO,1571089893,71,61.99,5.14,10.0,3.6
353,katrineholm,100,SE,1571089902,100,59.0,16.21,8.0,1.0
354,pringsewu,90,ID,1571089910,98,-5.36,104.98,20.58,1.024
355,moroni,40,GR,1571089919,88,35.09,24.92,18.0,2.1
356,carnarvon,0,ZA,1571089927,30,-30.97,22.13,15.01,5.035
357,san cristobal,98,HN,1571089936,89,14.68,-86.92,22.18,0.49
358,sars,92,RU,1571089944,89,56.55,57.14,4.5,5.826
359,iacu,22,BR,1571089953,66,-12.77,-40.21,21.95,5.586
360,rawson,0,AR,1571089961,71,-43.3,-65.11,7.61,7.943
361,tula,100,RU,1571089969,79,54.19,37.62,14.05,7.401
362,sechura,96,PE,1571089978,82,-5.56,-80.82,17.45,5.658
363,hami,0,CN,1571089986,30,42.84,93.51,10.43,2.141
364,shetpe,0,KZ,1571089996,90,44.14,52.16,12.5,0.857
365,ibra,0,OM,1571090004,47,22.69,58.55,26.19,1.604
366,vrangel,0,RU,1571090012,46,42.73,133.08,5.55,6.173
367,barsovo,94,RU,1571090021,90,61.17,73.17,6.6,4.307
368,narsaq,5,GL,1571090029,49,60.91,-46.05,0.0,2.6
369,kununurra,38,AU,1571090038,83,-15.77,128.74,22.0,1.5
370,sant julia de loria,100,AD,1571090046,81,42.46,1.49,15.56,0.45
371,azul,77,AR,1571090054,45,-36.78,-59.86,12.78,0.89
372,imperia,67,IT,1571090063,77,43.88,8.02,20.0,1.5
373,yaan,80,NG,1571090072,87,7.38,8.57,25.31,2.859
374,kovdor,100,RU,1571090080,98,67.56,30.47,-0.19,0.568
375,hofn,100,IS,1571090089,86,64.25,-15.21,9.26,11.785
376,ilulissat,10,GL,1571090097,57,69.22,-51.1,-7.0,7.2
377,lagos,20,NG,1571090105,88,6.46,3.39,27.0,2.1
378,hay river,75,CA,1571090114,86,60.82,-115.79,1.0,1.0
379,mata,17,PT,1571090122,90,40.68,-7.46,10.56,2.395
380,udachnyy,10,RU,1571090131,88,66.42,112.4,-12.48,1.639
381,oranjestad,20,AW,1571090070,74,12.52,-70.03,30.0,8.2
382,sisimiut,25,GL,1571090148,65,66.94,-53.67,-5.5,4.285
383,andahuaylas,62,PE,1571090157,54,-13.66,-73.39,16.64,4.119
384,neyshabur,0,IR,1571090165,47,36.21,58.79,7.52,4.73
385,padang,89,ID,1571090174,91,-0.92,100.36,18.15,1.499
386,rock sound,0,BS,1571090183,78,24.9,-76.2,26.27,6.678
387,macau,15,BR,1571090191,72,-5.11,-36.64,27.67,11.457
388,paez,40,CO,1571090200,54,2.93,-76.46,29.0,5.7
389,masterton,100,NZ,1571090208,67,-40.95,175.66,13.89,2.68
390,ararat,0,AM,1571090217,51,39.85,44.7,11.05,0.664
391,kontagora,100,NG,1571090225,68,10.4,5.47,26.29,0.783
392,puerto colombia,75,CO,1571090234,79,10.99,-74.96,29.0,2.1
393,morros,40,BR,1571090242,83,-2.87,-44.04,27.0,6.7
394,redmond,20,US,1571090251,55,47.67,-122.12,16.67,1.5
395,pochutla,40,MX,1571090259,70,15.74,-96.47,32.22,5.1
396,betsiamites,90,CA,1571090268,81,48.94,-68.65,16.0,8.2
397,avera,1,US,1571090276,37,33.19,-82.53,28.0,2.1
398,svay rieng,46,KH,1571090285,87,11.08,105.8,24.54,1.955
399,manono,89,CD,1571090294,89,-7.3,27.4,21.97,0.235
400,hassleholm,100,SE,1571090302,87,56.16,13.77,9.44,1.0
401,faanui,0,PF,1571090311,80,-16.48,-151.75,25.35,6.61
402,trairi,7,BR,1571090319,61,-3.28,-39.27,25.71,2.74
403,luau,100,CD,1571090327,92,-10.7,22.23,19.86,2.56
404,saint-augustin,75,CA,1571090336,71,45.63,-73.98,11.67,4.1
405,osmena,86,PH,1571090344,81,12.17,124.59,26.16,4.59
406,zlitan,38,LY,1571090353,78,32.47,14.57,23.51,4.703
407,harper,1,US,1571090361,43,30.3,-99.24,31.0,2.1
408,nelson bay,0,AU,1571090369,77,-32.72,152.14,19.44,3.6
409,nacala,1,MZ,1571090378,86,-14.56,40.69,22.61,2.235
410,fenoarivo atsinanana,10,MG,1571090386,84,-17.38,49.41,20.84,2.401
411,chivacoa,68,VE,1571090395,64,10.16,-68.9,29.67,0.819
412,erdenet,0,MN,1571090407,44,49.03,104.04,-1.67,1.724
413,balkanabat,0,TM,1571090415,42,39.51,54.36,15.02,2.615
414,te anau,100,NZ,1571090424,92,-45.41,167.72,7.32,1.128
415,puerto escondido,40,MX,1571090432,70,15.86,-97.07,30.0,5.1
416,ossora,3,RU,1571090442,67,59.24,163.07,0.81,4.255
417,olhao,26,PT,1571090451,77,37.03,-7.84,16.11,3.1
418,kieta,98,PG,1571090459,75,-6.22,155.63,26.62,1.778
419,bintulu,75,MY,1571090468,94,3.17,113.03,25.0,1.0
420,hobyo,14,SO,1571090476,78,5.35,48.53,26.61,4.502
421,okha,99,RU,1571090484,78,53.59,142.95,-0.9,5.441
422,labuhan,100,ID,1571090493,88,-2.54,115.51,23.29,0.799
423,los llanos de aridane,90,ES,1571090501,68,28.66,-17.92,21.0,3.6
424,puerto leguizamo,100,CO,1571090510,58,-0.19,-74.78,30.49,1.69
425,husavik,95,CA,1571090518,80,50.56,-96.99,5.0,3.189
426,qingdao,0,CN,1571090527,75,36.09,120.35,5.0,1.0
427,nuuk,40,GL,1571090535,68,64.17,-51.74,-3.0,4.6
428,iquique,0,CL,1571090544,64,-20.22,-70.14,21.0,7.7
429,buique,55,BR,1571090552,61,-8.62,-37.16,23.81,4.384
430,ulladulla,0,AU,1571090560,82,-35.36,150.48,15.56,2.1
431,port augusta,0,AU,1571090569,93,-32.49,137.76,16.67,1.5
432,maragogi,19,BR,1571090238,78,-9.01,-35.22,25.83,7.369
433,preobrazheniye,0,RU,1571090586,62,42.9,133.91,-1.34,2.643
434,tahoua,0,NE,1571090594,20,14.89,5.26,30.06,1.807
435,hongjiang,98,CN,1571090603,96,27.21,109.83,15.28,1.549
436,honiara,75,SB,1571090611,88,-9.43,159.96,26.0,1.5
437,gimli,95,CA,1571090619,80,50.63,-96.99,4.44,0.89
438,del rio,1,US,1571090628,43,29.36,-100.9,31.0,4.356
439,gornyy,89,RU,1571090636,75,51.76,48.54,11.1,4.162
440,tura,100,RU,1571090644,97,64.27,100.22,-2.45,1.137
441,san rafael,100,AR,1571090653,91,-34.61,-68.33,2.28,5.055
442,newtonmore,100,GB,1571090662,100,57.07,-4.12,8.33,1.545
443,aalten,90,NL,1571090670,82,51.93,6.58,19.0,3.1
444,dongsheng,99,CN,1571090678,68,29.72,112.52,15.98,7.003
445,kayseri,2,TR,1571090687,35,38.73,35.48,10.0,0.5
446,buritis,98,BR,1571090696,21,-15.62,-46.42,29.36,2.281
447,araouane,31,ML,1571090704,17,18.9,-3.53,35.77,5.493
448,beruwala,100,LK,1571090713,85,6.48,79.98,25.87,1.636
449,poyarkovo,0,RU,1571090721,47,49.62,128.65,-1.01,5.542
